{"cameraMode":{"drawMode":0,"name":"Shaded","section":"Shading Mode"},"sceneLighting":true,"audioPlay":false,"sceneViewState":{"m_AlwaysRefresh":false,"showFog":true,"showSkybox":true,"showFlares":true,"showImageEffects":true,"showParticleSystems":true,"showVisualEffectGraphs":true,"m_FxEnabled":true},"in2DMode":false,"pivot":{"x":2.189068555831909,"y":0.7253596782684326,"z":3.270728349685669},"rotation":{"x":-0.10740168392658234,"y":0.8801712393760681,"z":-0.23876667022705079,"w":-0.39591801166534426},"size":3.0387165546417238,"orthographic":false}